time,T_core0,IPC_core0,F_core0,P_core0,Energy_Per_Instruction_core0,Cdyn_core0
203950353100000,40.00745299238658,1.8108324279747003,1.0,1.10296479687242,2.5330690498986527e-10,1.163847801665228e-09
203952355702000,40.03049016457666,2.071803043752899,1.0,1.0458882520240993,5.059320654669775e-10,1.3323013318714225e-09
203954359736000,40.051647265003886,2.0398502658478552,1.0,1.0974443327072134,5.378950215644745e-10,1.398873522541734e-09
203956368644999,40.06916718950236,1.5349525215904976,1.0,0.7686430548094217,5.022316246548785e-10,9.742823361583058e-10
203958372941999,40.084926873939125,1.9530222943539601,1.0,0.9806370136346721,5.057039268760865e-10,1.2480323810471316e-09
203960373471000,40.10307174017255,1.9134959162340446,1.0,0.9530687233812762,4.994385858674836e-10,1.2124299686420128e-09
203962376450999,40.12095887734113,1.9395267879501834,1.0,0.9700212160217758,5.008103462978856e-10,1.2343182738911836e-09
203964377469500,40.1403227357228,2.040810953612696,2.5,1.319073341503685,5.223800767211404e-10,1.290719957724649e-09
203966377872000,40.22771198000856,2.0680113525497474,4.0,7.620249074057038,9.214274413701896e-10,1.3065366443647997e-09
203968379397999,40.37603559892363,2.0333699681446094,4.0,7.4221997726974935,9.129906478026615e-10,1.272148731167794e-09
203970379725748,40.52224165095279,2.0391391006106048,4.0,7.488559402017782,9.186909362720797e-10,1.2836651643611782e-09
203972380007500,40.671153638782044,2.054725318222086,4.0,7.586467251302871,9.236487294530662e-10,1.3006585936191078e-09
203974380798500,40.81756043797104,2.0091591492107455,4.0,7.3870726034663,9.20597247185259e-10,1.2660370364186642e-09
203976380960750,40.9634827939266,2.0689951382078964,4.0,7.526890343908149,9.100219612746439e-10,1.2903064883347435e-09
203978381973750,41.111301034878984,2.0696091330534974,4.0,7.458792547076406,9.014767577658073e-10,1.2784793890370715e-09
203980382090000,41.26030688364745,2.0728189502912846,4.0,7.443147566242656,8.981865896834925e-10,1.2757585973446881e-09
203982383161000,41.40430594087398,2.0735662513507447,4.0,7.215875935111407,8.702914616006828e-10,1.2362971783678842e-09
203984383763750,41.54796981512439,2.02583028029997,4.0,7.4507737214477805,9.206524136626569e-10,1.2770734709474384e-09
203986383993250,41.69478808743377,2.0366104052419396,4.0,7.503048020269015,9.251149034285979e-10,1.2861441493259722e-09
203988384834749,41.83968536464318,2.035037749085997,4.0,7.372504248225408,9.065684953410061e-10,1.2634755939659911e-09
203990385863500,41.9840228846165,2.0281793700076785,4.0,7.403285294917208,9.138135204670025e-10,1.2688147908282648e-09
203992386736750,42.12685069983922,2.0132895162962354,4.0,7.3946402772684845,9.195677432005924e-10,1.2673091877557913e-09
203994386829500,42.271762038657684,2.0562600348009026,4.0,7.521380797806129,9.154551325279287e-10,1.2893079012960271e-09
203996386969500,42.41843364884714,2.068012058517088,4.0,7.557108309535664,9.14814546167715e-10,1.2955056368091814e-09
203998388137250,42.56484796348521,2.0386387308527927,4.0,7.457830918536949,9.207474821044339e-10,1.2782649797157679e-09
204000389010749,42.70578857207706,1.9821261474940135,4.0,7.372452440752712,9.470559792178601e-10,1.263437467393115e-09
204002389954499,42.847966586239906,2.006588960258571,4.0,7.5576292666612,9.462251742437485e-10,1.2955812708646213e-09
204004391126250,42.99267040687348,2.057016433304774,4.0,7.484546289474122,9.117974641158169e-10,1.282888164887833e-09
204006391838750,43.13379601948006,1.9878208527859316,4.0,7.217065205307865,9.109265122070716e-10,1.2364454646512284e-09
204008392198750,43.27512598931103,2.0660669689037245,4.0,7.573783530973206,9.182692636502798e-10,1.2983706604481168e-09
204010393022250,43.424551444234346,2.076345180287802,4.0,7.658909677942064,9.234046595885373e-10,1.3131440922574515e-09
204012395936999,43.569325172231636,2.0394640197440568,4.0,7.514517338557161,9.231183278830832e-10,1.2880706800319304e-09
204014396377500,43.7097252877071,2.0512359165132588,4.0,7.560053650039845,9.261194048030032e-10,1.2959711007582861e-09
204016396393250,43.85742869421997,2.0840014900982946,4.0,7.756364717618184,9.304952839969815e-10,1.3300473697314538e-09
204018397265500,44.01018695264477,2.081753818618168,4.0,7.746621121221761,9.303645635735746e-10,1.3283500117807173e-09
204020397900000,44.162487907316496,2.0808778990907264,4.0,7.732773641615162,9.291737731420434e-10,1.325940130579644e-09
204022397931000,44.31489420991197,2.0836424867409775,4.0,7.754222374553345,9.304015088474735e-10,1.3296579986178128e-09
204024398532500,44.46723249788713,2.0799786879916744,4.0,7.73441672880792,9.29752909018109e-10,1.3262135887782354e-09
204026398933250,44.61906054076875,2.084002000485989,4.0,7.709409994712062,9.250768867609399e-10,1.3218661697297229e-09
204028399821750,44.77102304147943,2.08431560032867,4.0,7.755771125564773,9.302779212802571e-10,1.329908936693185e-09
204030400535250,44.92288867081733,2.0811530979711033,4.0,7.7238221197892845,9.28074685622116e-10,1.32435613411687e-09
204032401000999,45.07336129597222,2.069806234486867,4.0,7.733142525314692,9.34443309970375e-10,1.325968152565783e-09
204034401193750,45.21613616976957,2.0289356685586974,4.0,7.531674886734138,9.308283496768368e-10,1.2909852782948114e-09
204036401795750,45.35377031085352,2.0386829380660547,4.0,7.467045823067104,9.176542432158319e-10,1.2797592564834835e-09
204038402694250,45.49493464243785,2.056941699984895,4.0,7.527340120344067,9.163278417575335e-10,1.2902211153926945e-09
204040403696250,45.640884968275294,2.0566194681567764,4.0,7.583688356146245,9.262738072106518e-10,1.2999976335509534e-09
204042405763750,45.74590465641008,0.9093927075043412,4.0,3.4037702611750946,1.9438249918788375e-07,5.74312936803555e-10
204044407917750,45.75633593872923,0.009196095462529747,4.0,0.15247282645948715,2.9539898095094506e-07,9.851129168620463e-12
204046407917750,45.755604951572714,0.0,4.0,0.09573014268318811,2.3932535670911253e-07,0.0
204048410417750,45.754641388984396,0.0,4.0,0.09572990532707361,2.393247633146748e-07,0.0
204050412917750,45.7536777021573,0.0,4.0,0.09572966795613741,2.393241698907303e-07,0.0
204052415417749,45.75271449290414,0.0,4.0,0.09572943071860635,2.393235767969026e-07,0.0
204054415417750,45.75175236174658,0.0,4.0,0.09572919376234759,2.393229844070125e-07,0.0
204056415417750,45.750791307654666,0.0,4.0,0.0957289570870574,2.3932239271878633e-07,0.0
204058419054545,45.74984063563439,0.0,2.55,0.09501815427966433,2.3836592062578909e-07,0.0
204060419054545,45.748026832039116,0.0,1.1,0.016246177888359217,1.4769252625851636e-07,0.0
204062428145454,45.745472587599735,0.0,1.1,0.016245716746597916,1.4768833405215855e-07,0.0
204064428145454,45.74291961266459,0.0,1.1,0.016245255915176157,1.4768414468412512e-07,0.0
204066437236363,45.74036790852347,0.0,1.1,0.01624479539431402,1.4767995812230546e-07,0.0
204068437236363,45.73781747262721,0.0,1.1,0.016244335183293598,1.4767577439428378e-07,0.0
204070437236363,45.735274084774375,0.0,1.1,0.016243876324726972,1.4767160295276898e-07,0.0
204072446327272,45.73272618348217,0.0,1.1,0.01624341673264506,1.4766742483440665e-07,0.0
204074455418000,45.73017928197572,0.0,1.05,0.01618663741111396,1.4770922556086619e-07,0.0
204076455418000,45.7276153101189,0.0,1.0,0.015003455303955304,1.5003455304026943e-07,0.0
204078455418000,45.7250522109569,0.0,1.0,0.01500299321479704,1.500299321486868e-07,0.0
204080465418000,45.722483981342954,0.0,1.0,0.015002530282688371,1.500253028257122e-07,0.0
204082465418000,45.71991702839186,0.0,1.0,0.015002067662601384,1.500206766267302e-07,0.0
204084465418000,45.71735774966743,0.0,1.0,0.015001606507174019,1.5001606507245637e-07,0.0
204086475418000,45.71479334814307,0.0,1.0,0.015001144510378492,1.5001144510261326e-07,0.0
204088475418000,45.71223022138342,0.0,1.0,0.015000682824853244,1.500068282492488e-07,0.0
204090485418000,45.709668370875974,0.0,1.0,0.015000221450865674,1.5000221450748518e-07,0.0
204092485418000,45.70710779386844,0.0,1.0,0.014999760387648298,1.4999760387719916e-07,0.0
204094489147000,45.704574802397055,0.001927636507866555,1.0,0.015930520935060845,1.48573568234105e-07,1.2025007712308843e-12
204096489147000,45.70204069950357,0.0,1.0,0.014998848235447846,1.4998848235519462e-07,0.0
204098489147000,45.69949029234774,0.0,1.0,0.014998389244944484,1.4998389245016104e-07,0.0
204100499147000,45.696934780161044,0.0,1.0,0.014997929416742979,1.4997929416625852e-07,0.0
204102499147000,45.69438053833155,0.0,1.0,0.014997469898071191,1.4997469898142791e-07,0.0
204104509147000,45.691827568341516,0.0,1.0,0.014997010689195208,1.4997010689078095e-07,0.0
204106509147000,45.68932718755759,0.0,4.0,0.08312491069669964,2.2667143234141623e-07,0.0
204108509147000,45.688469007046834,0.0,4.0,0.09571364266144734,2.3928410665136074e-07,0.0
204110511647000,45.68753869496649,0.0,4.0,0.09571341455485632,2.39283536387528e-07,0.0
204112514147000,45.686608262955424,0.0,4.0,0.09571318643350248,2.392829660841436e-07,0.0
204114514147000,45.6856788723741,0.0,4.0,0.0957129585821029,2.3928239645640016e-07,0.0
204116514147000,45.68475052222754,0.0,4.0,0.09571273100036669,2.392818275020591e-07,0.0
204118516647000,45.68382205185056,0.0,4.0,0.09571250340373844,2.392812585063365e-07,0.0
204120519146999,45.68289346178159,0.0,4.0,0.0957122757923516,2.392806894812662e-07,0.0
204122524147000,45.68199380506186,0.0,1.0,0.07477222867888253,2.158568511924868e-07,0.0
204124534147000,45.679283441769165,0.0,1.0,0.01499475552154206,1.4994755521424948e-07,0.0
204126534147000,45.67673798184767,0.0,1.0,0.014994298140038281,1.4994298140109887e-07,0.0
204128544147000,45.674193789404065,0.0,1.0,0.014993841066614408,1.4993841066497304e-07,0.0
204130544147000,45.67165086170487,0.0,1.0,0.014993384300512076,1.4993384300583673e-07,0.0
204132544147000,45.66911553643645,0.0,1.0,0.014992928979787094,1.4992928979858683e-07,0.0
204134554147000,45.66657513634513,0.0,1.0,0.014992472827589717,1.4992472827472622e-07,0.0
204136554147000,45.66403599911788,0.0,1.0,0.01499201698197619,1.4992016982047766e-07,0.0
204138554147000,45.66150445299402,0.0,1.0,0.014991562578709377,1.499156257878095e-07,0.0
204140564147000,45.65896783961648,0.0,1.0,0.014991107345527532,1.4991107345410447e-07,0.0
204142564147000,45.65643248722541,0.0,1.0,0.014990652418193988,1.4990652418265565e-07,0.0
204144574147000,45.653898397292046,0.0,1.0,0.01499019779697233,1.4990197796855275e-07,0.0
204146578877000,45.65174691467148,0.08370576671505359,1.0,0.055645771077230406,1.4579464422523315e-07,5.24999480035963e-11
204148578877000,45.649396670065954,0.0,1.0,0.014989390373280335,1.4989390373351907e-07,0.0
204150588877000,45.64686608065806,0.0,1.0,0.014988936600353463,1.4988936600236397e-07,0.0
204152592210476,45.644212429654594,0.0,1.55,0.019214067225487696,1.5378357731028516e-07,0.0
204154596972381,45.642046748030864,0.0,2.1,0.03447758221665901,1.6417896295588713e-07,0.0
204156596972381,45.63991326971322,0.0,2.1,0.034477160734551364,1.6417695587959985e-07,0.0
204158601734285,45.63778085112163,0.0,2.1,0.034476739523819536,1.6417495013284132e-07,0.0
204160601734285,45.635649490892,0.0,2.1,0.034476318584043514,1.6417294563908576e-07,0.0
204162601734285,45.63352172155892,0.0,2.1,0.03447589841521945,1.6417094483282884e-07,0.0
204164606496190,45.631392476481054,0.0,2.1,0.03447547801674085,1.6416894287481538e-07,0.0
204166611258095,45.629261758487296,0.0,2.1,0.034475057389260946,1.6416693996827617e-07,0.0
204168614115000,45.62727340274672,0.0,1.0,0.0257667124659592,1.5749226565035428e-07,0.0
204170614115000,45.62457055285424,0.0,1.0,0.014984942097313055,1.4984942097384595e-07,0.0
204172624115000,45.62205231526579,0.0,1.0,0.014984491311921502,1.4984491311804474e-07,0.0
204174624115000,45.61953532955191,0.0,1.0,0.014984040828823587,1.4984040828895144e-07,0.0
204176624115000,45.61702586874413,0.0,1.0,0.014983591770424092,1.4983591770495633e-07,0.0
204178634115000,45.61451138491739,0.0,1.0,0.014983141891189771,1.4983141891072768e-07,0.0
204180634115000,45.61199815110377,0.0,1.0,0.014982692313525926,1.498269231359748e-07,0.0
204182644115000,45.609486168761805,0.0,1.0,0.014982243037693152,1.498224303757613e-07,0.0
204184644115000,45.606975435192496,0.0,1.0,0.014981794062949482,1.4981794063021027e-07,0.0
204186644115000,45.60447220784532,0.0,1.0,0.014981346507942448,1.4981346508013992e-07,0.0
204188654115000,45.601963969964146,0.0,1.0,0.01498089813465695,1.4980898134539957e-07,0.0
204190654115000,45.59945697899921,0.0,1.0,0.01498045006174097,1.498045006181249e-07,0.0
204192664115000,45.596951236404635,0.0,1.0,0.01498000228945414,1.4980002289337145e-07,0.0
204194664115000,45.59444673948863,0.0,1.0,0.014979554817057756,1.4979554817129288e-07,0.0
204196664115000,45.59194973015714,0.0,1.0,0.014979108759456955,1.4979108759528472e-07,0.0
204198674115000,45.58944772274547,0.0,1.0,0.014978661886124813,1.497866188600783e-07,0.0
204200674115000,45.58694695916015,0.0,1.0,0.014978215311966908,1.4978215312038444e-07,0.0
204202674115000,45.58445367200239,0.0,1.0,0.014977770149650863,1.497777014972237e-07,0.0
204204684115000,45.581955394219435,0.0,1.0,0.014977324173126798,1.497732417300983e-07,0.0
204206684115000,45.57945835841333,0.0,1.0,0.014976878495062844,1.4976878495134358e-07,0.0
204208694115000,45.576962566033096,0.0,1.0,0.014976433115717417,1.4976433115600454e-07,0.0
204210694115000,45.57446801439728,0.0,1.0,0.014975988034356751,1.4975988034428237e-07,0.0
204212694115000,45.571980920625094,0.0,1.0,0.014975544359929841,1.497554436000135e-07,0.0
204214704115000,45.56948884863226,0.0,1.0,0.014975099873827485,1.4975099873710516e-07,0.0
204216704115000,45.56699801553882,0.0,1.0,0.014974655684999156,1.4974655685070658e-07,0.0
204218704115000,45.56451462919642,0.0,1.0,0.014974212900170578,1.4974212900242064e-07,0.0
204220714115000,45.56202627205897,0.0,1.0,0.014973769305181189,1.497376930506425e-07,0.0
204222714115000,45.55953915197859,0.0,1.0,0.014973326006757173,1.497332600682867e-07,0.0
204224724115000,45.557053270398654,0.0,1.0,0.014972883005155594,1.4972883005038665e-07,0.0
204226724115000,45.55456862464822,0.0,1.0,0.014972440299647682,1.4972440299719161e-07,0.0
204228724115000,45.55209140715851,0.0,1.0,0.01497199899326417,1.4971998993335654e-07,0.0
204230724510000,45.55896460500818,1.3210465959074156,2.5,1.5726715589055211,7.272359757894528e-08,8.304219364842382e-10
204232725456750,45.56649585114499,0.007792500217082862,4.0,0.12375880731590831,2.372536671927788e-07,4.874122796735515e-12
204234725456750,45.565932430578535,0.0,4.0,0.09568372317289109,2.3920930793337007e-07,0.0
204236725456750,45.565063354269476,0.0,4.0,0.09568351187457652,2.392087796841839e-07,0.0
204238727956749,45.56419416544168,0.0,4.0,0.09568330056157957,2.3920825140433556e-07,0.0
204240727956750,45.56332540705472,0.0,4.0,0.09568308936589003,2.3920772341586727e-07,0.0
204242727956750,45.562457621261686,0.0,4.0,0.09568287841927837,2.3920719604933827e-07,0.0
204244730456750,45.5615897231177,0.0,4.0,0.09568266745799028,2.392066686419669e-07,0.0
204246731214242,45.560725431128205,0.0,3.6500000000000004,0.09110606763352515,2.334212957396264e-07,0.0
204248734244545,45.55946126085148,0.0,3.3000000000000003,0.06711663787591748,2.033837511361887e-07,0.0
204250737274848,45.55802204281157,0.0,3.3000000000000003,0.06711631726833756,2.033827795980675e-07,0.0
204252740305151,45.556583538872026,0.0,3.3000000000000003,0.06711599685164715,2.033818086383997e-07,0.0
204254743335454,45.55514574867897,0.0,3.3000000000000003,0.06711567662571713,2.0338083825679324e-07,0.0
204256746365756,45.55370867187912,0.0,3.3000000000000003,0.0671153565904183,2.033798684528581e-07,0.0
204258746365757,45.55227339426787,0.0,3.3000000000000003,0.06711503698746568,2.0337889996298857e-07,0.0
204260746365757,45.55083991405626,0.0,3.3000000000000003,0.06711471781634683,2.033779327777801e-07,0.0
204262755457000,45.5494614701978,0.0,1.0,0.04570678840400712,1.8103952888133992e-07,0.0
204264755457000,45.546721065615955,0.0,1.0,0.014971042547387436,1.4971042547458921e-07,0.0
204266765457000,45.54424156172602,0.0,1.0,0.014970601072872753,1.4970601072755843e-07,0.0
204268765457000,45.54176329050278,0.0,1.0,0.014970159893238511,1.4970159893309988e-07,0.0
204270775457000,45.53928625338451,0.0,1.0,0.014969719008740608,1.4969719008623695e-07,0.0
204272775457000,45.53681044770958,0.0,1.0,0.014969278418654662,1.4969278418726154e-07,0.0
204274775457000,45.53434204387723,0.0,1.0,0.01496883922074186,1.4968839220813328e-07,0.0
204276785457000,45.53186869925726,0.0,1.0,0.014968399218778954,1.4968399218662045e-07,0.0
204278785457000,45.52939658424959,0.0,1.0,0.01496795951052758,1.4967959510599038e-07,0.0
204280785457000,45.52693186005503,0.0,1.0,0.014967521191552194,1.4967521191623664e-07,0.0
204282795457000,45.52446220244267,0.0,1.0,0.014967082070024975,1.496708206990809e-07,0.0
204284795457000,45.521993772613875,0.0,1.0,0.014966643241510827,1.4966643241582297e-07,0.0
204286805457000,45.51952657200144,0.0,1.0,0.014966204706264375,1.49662047061475e-07,0.0
204288805457000,45.51706059795418,0.0,1.0,0.014965766463566127,1.4965766463637583e-07,0.0
204290805457000,45.514601996368064,0.0,1.0,0.01496532960532983,1.496532960540129e-07,0.0
204292815457000,45.51213847362672,0.0,1.0,0.014964891947032436,1.4964891946915574e-07,0.0
204294816022000,45.50974832575491,0.012382998917443587,1.0,0.0208237532139032,1.4675284200296798e-07,7.566226651302555e-12
204296816022000,45.507321804545455,0.0,1.0,0.014964036454213953,1.4964036454285397e-07,0.0
204298826022000,45.50486190416807,0.0,1.0,0.014963599658867162,1.496359965875029e-07,0.0
204300826022000,45.50240322673546,0.0,1.0,0.014963163154689813,1.4963163154761258e-07,0.0
204302826022000,45.49995189995831,0.0,1.0,0.014962728029264965,1.496272802933641e-07,0.0
204304836022000,45.497495666595945,0.0,1.0,0.014962292106734896,1.4962292106618048e-07,0.0
204306836022000,45.49504065435972,0.0,1.0,0.014961856474683115,1.496185647475457e-07,0.0
204308836022000,45.49231322722597,0.0,2.5,0.06000572634052224,2.016816823957342e-07,0.0
204310838521999,45.49134264808904,0.0,4.0,0.09566563422233093,2.3916408555621406e-07,0.0
204312838522000,45.4905099757399,0.0,4.0,0.09566543281390741,2.391635820359107e-07,0.0
204314838522000,45.489678235606,0.0,4.0,0.09566523164252315,2.391630791074503e-07,0.0
204316841022000,45.488846387808266,0.0,4.0,0.09566503045664689,2.391625761386096e-07,0.0
204318843522000,45.488014432828955,0.0,4.0,0.09566482925639659,2.3916207314137793e-07,0.0
204320846021999,45.48718289021594,0.0,4.0,0.09566462816741367,2.391615704189219e-07,0.0
204322846022000,45.48635227840156,0.0,4.0,0.09566442731504003,2.3916106828874203e-07,0.0
204324853521999,45.48557767290824,0.0,2.5,0.08948475873967902,2.3213123535124287e-07,0.0
204326853522000,45.48348348813349,0.0,1.0,0.01495980669323821,1.4959806693097046e-07,0.0
204328853522000,45.48104155175923,0.0,1.0,0.014959373800022683,1.4959373800094107e-07,0.0
204330863522000,45.47859472760706,0.0,1.0,0.014958940113511758,1.495894011339493e-07,0.0
204332863522000,45.476149119914524,0.0,1.0,0.01495850671571006,1.495850671578148e-07,0.0
204334863522000,45.473710823818834,0.0,1.0,0.01495807468646258,1.4958074686533995e-07,0.0
204336873522000,45.47126764723602,0.0,1.0,0.014957641865394842,1.4957641865278036e-07,0.0
204338873522000,45.46882568530381,0.0,1.0,0.014957209332352277,1.495720933242371e-07,0.0
204340873522000,45.46639102407316,0.0,1.0,0.014956778165025688,1.4956778165097095e-07,0.0
204342880203999,45.46398173268332,0.0018866840500287268,1.0,0.015871440473495015,1.483737360774391e-07,1.1816747690811862e-12
204344880204000,45.461558588241466,0.0,1.0,0.014955922577358251,1.4955922577217132e-07,0.0
204346880204000,45.45912753392652,0.0,1.0,0.014955492264572531,1.495549226464395e-07,0.0
204348890204000,45.456691613628074,0.0,1.0,0.01495506116289829,1.4955061162781498e-07,0.0
204350890204000,45.454256904381424,0.0,1.0,0.014954630347891075,1.4954630347962494e-07,0.0
204352890204000,45.451829474161734,0.0,1.0,0.014954200892962018,1.4954200893033417e-07,0.0
204354900204000,45.44939718521707,0.0,1.0,0.014953770650610175,1.4953770650493396e-07,0.0
204356900204000,45.447352009656335,0.0,4.0,0.0900473429741268,2.3399505314285222e-07,0.0
204358900204000,45.44659394468577,0.0,4.0,0.09565482670074253,2.3913706674959944e-07,0.0
204360902703999,45.445783438979014,0.0,4.0,0.09565463125827528,2.39136578146075e-07,0.0
204362902704000,45.44497333468375,0.0,4.0,0.0956544359235225,2.3913608980994784e-07,0.0
204364902704000,45.444164137350036,0.0,4.0,0.09565424081836006,2.3913560204704214e-07,0.0
204366905204000,45.44335483528275,0.0,4.0,0.09565404569884202,2.391351142440978e-07,0.0
204368907704000,45.442545428951355,0.0,4.0,0.09565385056508285,2.391346264130937e-07,0.0
204370910203999,45.44173642382194,0.0,4.0,0.09565365553893594,2.3913413884772675e-07,0.0
204372915204000,45.44076086413098,0.0,1.0,0.057960671648407514,1.9694320322124338e-07,0.0
204374925204000,45.438051335149865,0.0,1.0,0.014951764661211502,1.4951764661094736e-07,0.0
204376925204000,45.43562590093571,0.0,1.0,0.014951336038899364,1.4951336038970745e-07,0.0
204378935204000,45.43320167457833,0.0,1.0,0.014950907701771697,1.495090770165494e-07,0.0
204380935204000,45.4307786534728,0.0,1.0,0.014950479649130188,1.495047964920158e-07,0.0
204382935204000,45.42836287646414,0.0,1.0,0.014950052947504764,1.4950052947576143e-07,0.0
204384945204000,45.42594226406929,0.0,1.0,0.014949625463163063,1.4949625463046314e-07,0.0
204386945204000,45.423522855133854,0.0,1.0,0.014949198262635499,1.494919826270687e-07,0.0
204388945204000,45.42111067950032,0.0,1.0,0.014948772410329283,1.494877241040066e-07,0.0
204390955204000,45.418693675693234,0.0,1.0,0.014948345776759346,1.4948345776642596e-07,0.0
204392955204000,45.41627787355582,0.0,1.0,0.014947919426333374,1.494791942640475e-07,0.0
204394965204000,45.41386327448997,0.0,1.0,0.014947493359298998,1.4947493359182272e-07,0.0
204396968779000,45.41193521758502,0.07793941542579898,1.0,0.052996254089724845,1.4583505375333053e-07,4.9133653668915356e-11
204398968779000,45.40959004753511,0.0,1.0,0.014946739502758197,1.494673950282957e-07,0.0
204400968779000,45.40718478740878,0.0,1.0,0.014946315279264077,1.4946315279335437e-07,0.0
204402973064762,45.40459557615357,0.0,1.55,0.02432491998979488,1.5711069053283756e-07,0.0
204404973064762,45.4026855122917,0.0,2.1,0.03443067979946837,1.6395561809115925e-07,0.0
204406977826666,45.40067088879036,0.0,2.1,0.034430288315684086,1.6395375390359883e-07,0.0
204408982588571,45.39865487178985,0.0,2.1,0.03442989661557529,1.6395188858363275e-07,0.0
204410987350476,45.396639857095714,0.0,2.1,0.03442950516465185,1.6395002461296915e-07,0.0
204412992112381,45.394625844211156,0.0,2.1,0.034429113962728415,1.6394816174666662e-07,0.0
204414996874285,45.392612832638925,0.0,2.1,0.03442872300961987,1.639463000651968e-07,0.0
204417001636190,45.39060082188224,0.0,2.1,0.034428332305141016,1.6394443948632958e-07,0.0
204419004017000,45.388616080368415,0.0,1.0,0.02097603002475161,1.5359601510682186e-07,0.0
204421004017000,45.38607107622721,0.0,1.0,0.014942594405896221,1.4942594405967573e-07,0.0
204423014017000,45.38367150779818,0.0,1.0,0.01494217187246059,1.49421718723439e-07,0.0
204425014017000,45.38127313239085,0.0,1.0,0.014941749618943966,1.4941749619015312e-07,0.0
204427014017000,45.37888192742602,0.0,1.0,0.014941328697430306,1.4941328697501644e-07,0.0
204429024017000,45.37648593628689,0.0,1.0,0.014940907003092193,1.4940907002975497e-07,0.0
204431024017000,45.37409113639515,0.0,1.0,0.014940485588013995,1.4940485588085332e-07,0.0
204433024017000,45.37170349626036,0.0,1.0,0.014940065502191133,1.4940065502262472e-07,0.0
204435034017000,45.36931107709078,0.0,1.0,0.014939644644975244,1.493964464485856e-07,0.0
204437034017000,45.366919847396694,0.0,1.0,0.014939224066362103,1.4939224066433418e-07,0.0
204439044017000,45.36452980856582,0.0,1.0,0.014938803766596086,1.4938803766479406e-07,0.0
204441044017000,45.36214095802978,0.0,1.0,0.014938383744995365,1.4938383745066692e-07,0.0
204443044017000,45.359759249470805,0.0,1.0,0.014937965048084123,1.493796504815545e-07,0.0
204445054017000,45.35737277375646,0.0,1.0,0.014937545582159543,1.493754558204289e-07,0.0
204447054017000,45.35498748456962,0.0,1.0,0.01493712639374621,1.493712639381753e-07,0.0
204449054017000,45.352609326716575,0.0,1.0,0.01493670852729271,1.4936708527364038e-07,0.0
204451064017000,45.35022640881931,0.0,1.0,0.014936289893249207,1.4936289893132568e-07,0.0
204453064017000,45.3478446756847,0.0,1.0,0.014935871536064713,1.4935871536136038e-07,0.0
204455074017000,45.34546412869496,0.0,1.0,0.014935453455982363,1.4935453455865723e-07,0.0
204457074017000,45.343084765291785,0.0,1.0,0.014935035652324844,1.4935035652396163e-07,0.0
204459074017000,45.34071251551288,0.0,1.0,0.014934619166091298,1.49346191661626e-07,0.0
204461084017000,45.338335517522005,0.0,1.0,0.014934201914633951,1.4934201914517311e-07,0.0
204463084017000,45.33595970135721,0.0,1.0,0.014933784938952303,1.4933784939023604e-07,0.0
204465084017000,45.33359098821562,0.0,1.0,0.01493336927798291,1.4933369278054224e-07,0.0
204467094017000,45.331217533945,0.0,1.0,0.014932952853205003,1.4932952853088373e-07,0.0
204469094017000,45.32884525974276,0.0,1.0,0.014932536703555481,1.4932536703626773e-07,0.0
204471104017000,45.326474166985605,0.0,1.0,0.014932120829276266,1.4932120829159636e-07,0.0
204473104017000,45.324104253125526,0.0,1.0,0.014931705229694585,1.4931705229765875e-07,0.0
204475104017000,45.321741424649105,0.0,1.0,0.014931290940318984,1.493129094039029e-07,0.0
204477114017000,45.31937386682895,0.0,1.0,0.014930875889487702,1.4930875889371087e-07,0.0
204479114017000,45.317007486152214,0.0,1.0,0.014930461112709667,1.493046111278095e-07,0.0
204481124017000,45.314642283992335,0.0,1.0,0.014930046610226013,1.4930046610109414e-07,0.0
204483124017000,45.312278257807456,0.0,1.0,0.014929632381366792,1.4929632381438083e-07,0.0
204485124017000,45.309921299410426,0.0,1.0,0.014929219458225973,1.492921945829724e-07,0.0
204487125399000,45.30765346706469,0.011054323236883247,1.0,0.02022114402149824,1.4654198292141684e-07,6.834093369589039e-12
204489135399000,45.3053038954502,0.0,1.0,0.01492841071498439,1.4928410714867797e-07,0.0
204491135399000,45.30294451617413,0.0,1.0,0.014927997566596667,1.4927997566667942e-07,0.0
204493145399000,45.300586311936,0.0,1.0,0.014927584691228298,1.4927584691111704e-07,0.0
204495145399000,45.29822928020153,0.0,1.0,0.014927172088212615,1.4927172088283902e-07,0.0
204497145399000,45.29572625283472,0.0,2.5,0.07327601516022936,2.1582905095434891e-07,0.0
204499147899000,45.294976699872976,0.0,4.0,0.09561845581482559,2.3904613953745044e-07,0.0
204501150398999,45.29424084441886,0.0,4.0,0.09561828021944777,2.3904570054900597e-07,0.0
204503150399000,45.293505812701824,0.0,4.0,0.09561810482953594,2.390452620749813e-07,0.0
204505150399000,45.292771603934725,0.0,4.0,0.09561792964487377,2.390448241133259e-07,0.0
204507152899000,45.29203730017639,0.0,4.0,0.09561775444642348,2.390443861130529e-07,0.0
204509155399000,45.29130290185278,0.0,4.0,0.09561757923428843,2.390439480861074e-07,0.0
204511157898999,45.2905688675885,0.0,4.0,0.09561740411788182,2.390435102950912e-07,0.0
204513165399000,45.28940389286737,0.0,1.0,0.0394434439499247,1.7610675445561964e-07,0.0
204515175399000,45.286831440929504,0.0,1.0,0.01492517782085904,1.492517782074248e-07,0.0
204517175399000,45.284481253859624,0.0,1.0,0.014924766806192672,1.4924766806263957e-07,0.0
204519175399000,45.2821380932181,0.0,1.0,0.014924357086724993,1.4924357086796243e-07,0.0
204521185399000,45.27979024262198,0.0,1.0,0.014923946613647118,1.4923946613530563e-07,0.0
204523185399000,45.277443559393376,0.0,1.0,0.014923536411046606,1.4923536411117855e-07,0.0
204525185399000,45.275103892121685,0.0,1.0,0.014923127500987725,1.4923127501058965e-07,0.0
204527195399000,45.272759541891254,0.0,1.0,0.014922717838709187,1.492271783859264e-07,0.0
204529195399000,45.27041635729206,0.0,1.0,0.0149223084462757,1.492230844634695e-07,0.0
204531205399000,45.26807433968388,0.0,1.0,0.014921899323925309,1.4921899323808768e-07,0.0
204533205399000,45.26573348654974,0.0,1.0,0.014921490470999017,1.4921490471070278e-07,0.0
204535205399000,45.26339963194866,0.0,1.0,0.014921082906198929,1.4921082906270176e-07,0.0
204537215399000,45.261061106029814,0.0,1.0,0.014920674591491065,1.492067459137454e-07,0.0
204539215399000,45.258723742852816,0.0,1.0,0.014920266545577909,1.4920266545649156e-07,0.0
204541215399000,45.25639336777879,0.0,1.0,0.014919859785151241,1.4919859785222476e-07,0.0
204543217836000,45.2540702763204,0.00575169285055326,2.5,0.07813782065460766,2.1682544036051315e-07,3.6021748789201234e-12
204545217836000,45.25336290188929,0.0,4.0,0.0956085396077082,2.39021349017015e-07,0.0
204547220336000,45.25264812203883,0.0,4.0,0.09560836953048044,2.390209238265878e-07,0.0
204549222835999,45.25193325014689,0.0,4.0,0.09560819943974067,2.39020498599738e-07,0.0
204551222836000,45.251219178512436,0.0,4.0,0.09560802954778252,2.390200738705976e-07,0.0
204553222836000,45.250505906370606,0.0,4.0,0.09560785985439692,2.390196496371337e-07,0.0
204555225336000,45.24979254195635,0.0,4.0,0.09560769014741301,2.39019225365526e-07,0.0
204557227836000,45.249079085683384,0.0,4.0,0.09560752042692976,2.3901880106771067e-07,0.0
204559235336000,45.24840598389346,0.0,2.5,0.08243366944105701,2.2414397128112041e-07,0.0
204561235336000,45.24613868940479,0.0,1.0,0.014918070636786303,1.4918070636857523e-07,0.0
204563245336000,45.24380875299193,0.0,1.0,0.014917664305946807,1.4917664305830304e-07,0.0
204565245336000,45.2414799750599,0.0,1.0,0.014917258242357335,1.491725824242856e-07,0.0
204567255336000,45.239152356960005,0.0,1.0,0.014916852446254071,1.4916852446137577e-07,0.0
204569255336000,45.23682589619086,0.0,1.0,0.014916446916984804,1.4916446917056028e-07,0.0
204571255336000,45.234506390941675,0.0,1.0,0.014916042664972066,1.491604266504329e-07,0.0
204573265336000,45.232182243111794,0.0,1.0,0.01491563766874827,1.4915637668631766e-07,0.0
204575265336000,45.22985925089093,0.0,1.0,0.014915232938736313,1.4915232938807528e-07,0.0
204577275336000,45.22753741562734,0.0,1.0,0.014914828475171704,1.4914828475055214e-07,0.0
204579275336000,45.22521673482561,0.0,1.0,0.014914424277404869,1.4914424277476087e-07,0.0
204581275336000,45.22290299226958,0.0,1.0,0.014914021352541464,1.4914021352612676e-07,0.0
204583285336000,45.220584618673676,0.0,1.0,0.014913617685750601,1.4913617685634133e-07,0.0
204585285336000,45.218267397822146,0.0,1.0,0.014913214284138316,1.4913214284209535e-07,0.0
204587285336000,45.21595710487597,0.0,1.0,0.014912812152826995,1.4912812152898197e-07,0.0
204589295336000,45.213642187798285,0.0,1.0,0.014912409280954084,1.491240928083762e-07,0.0
204591295336000,45.21132842175024,0.0,1.0,0.014912006673642312,1.49120066737135e-07,0.0
204593305336000,45.20901580807476,0.0,1.0,0.014911604331125915,1.4911604331009463e-07,0.0
204595305336000,45.20670434428627,0.0,1.0,0.014911202252759681,1.4911202252830887e-07,0.0
204597305336000,45.20439979119727,0.0,1.0,0.014910801440369593,1.4910801440440803e-07,0.0
204599310922000,45.20213115532687,0.0018867328899739035,1.0,0.015823462902170925,1.4775191118767135e-07,1.1790495832982574e-12
204601320922000,45.199825287553566,0.0,1.0,0.014910006022551436,1.4910006022435e-07,0.0
204603320922000,45.1975183973268,0.0,1.0,0.014909604994083352,1.490960499415456e-07,0.0
204605320922000,45.195218404130834,0.0,1.0,0.014909205228160584,1.4909205228231777e-07,0.0
204607323422000,45.19369128315262,0.0,4.0,0.0951853182504551,2.394388702973827e-07,0.0
204609325921999,45.193010680132055,0.0,4.0,0.09559420869378203,2.3898552173484137e-07,0.0
204611325922000,45.192325800971275,0.0,4.0,0.09559404640827505,2.389851160218287e-07,0.0
204613325922000,45.19164168863168,0.0,4.0,0.09559388431212706,2.389847107814587e-07,0.0
204615327524750,45.191146537591344,0.0032278806765704622,4.0,0.10694371415274916,2.3802149116465682e-07,1.970476947446168e-12
204617327524750,45.19047112294067,0.0,4.0,0.09559360697164106,2.3898401742684743e-07,0.0
204619330024750,45.18978750206894,0.0,4.0,0.0955934450126691,2.38983612532059e-07,0.0
204621330024750,45.18910421982549,0.0,4.0,0.09559328314155474,2.3898320785502844e-07,0.0
204623330024750,45.188421702616075,0.0,4.0,0.09559312145929846,2.389828036459911e-07,0.0
204625332524750,45.18773909712668,0.0,4.0,0.09559295976374556,2.389823994097501e-07,0.0
204627335024749,45.187056403753346,0.0,4.0,0.09559279805499107,2.389819951378637e-07,0.0
204629335024750,45.186374474630156,0.0,4.0,0.09559263653486715,2.389815913383091e-07,0.0
204631335024750,45.185693309026554,0.0,4.0,0.09559247520317672,2.3898118800908285e-07,0.0
204633337524750,45.18501205531813,0.0,4.0,0.09559231385820366,2.3898078464250395e-07,0.0
204635340024750,45.184330713900636,0.0,4.0,0.09559215250004266,2.3898038125049294e-07,0.0
204637345025000,45.18367311839395,0.0,2.5,0.07977458839695699,2.211329442504377e-07,0.0
204639353100000,45.18136098429508,0.0,1.0,0.014906797987468606,1.490679798735219e-07,0.0
204641353100000,45.17906328268788,0.0,1.0,0.014906399064785721,1.4906399064856895e-07,0.0
204643355025000,45.17677245064967,0.0,1.0,0.014906001397768452,1.4906001397839617e-07,0.0
204645361867000,45.174507988032076,0.06350283840236763,1.0,0.045928515583490225,1.4643611301432318e-07,4.00605728338908e-11
204647368651000,45.17270057044979,0.006694378182317049,1.0,0.018346032759503292,1.4903853321812296e-07,4.443101916466101e-12
204649368651000,45.17041568722814,0.0,1.0,0.01490489825224578,1.4904898252316946e-07,0.0
204651378651000,45.16812343345117,0.0,1.0,0.014904500575832206,1.49045005757158e-07,0.0
204653382460476,45.16569618891974,0.0,2.1,0.0282855378640386,1.5971199987446124e-07,0.0
204655382460476,45.163936346028606,0.0,2.1,0.03438466265852735,1.6373648884858537e-07,0.0
204657387222381,45.16204028831526,0.0,2.1,0.03438430023300849,1.6373476303368943e-07,0.0
204659391984285,45.1601429192338,0.0,2.1,0.03438393760427791,1.637330362302099e-07,0.0
204661396746190,45.158246493591065,0.0,2.1,0.034383575203295436,1.6373131043000245e-07,0.0
204663401508095,45.15635101091903,0.0,2.1,0.03438321302989469,1.6372958587600404e-07,0.0
204665406270000,45.1544564707495,0.0,2.1,0.03438285108390928,1.637278623236923e-07,0.0
204667413889000,45.152576099181644,0.0,1.55,0.034100843643638454,1.6332540435820097e-07,0.0
204669413889000,45.150465825952985,0.0,1.0,0.0149014393163643,1.490143931643547e-07,0.0
204671413889000,45.14818918991381,0.0,1.0,0.014901044892503301,1.490104489257445e-07,0.0
204673423889000,45.145907997145706,0.0,1.0,0.014900649741362128,1.4900649741245765e-07,0.0
204675423889000,45.14362793867593,0.0,1.0,0.014900254848800506,1.4900254848871652e-07,0.0
204677433889000,45.14134901582759,0.0,1.0,0.014899860215048301,1.489986021493194e-07,0.0
204679433889000,45.1390712261513,0.0,1.0,0.0148994658394758,1.4899465839546938e-07,0.0
204681433889000,45.13680024653416,0.0,1.0,0.014899072704720472,1.4899072704791623e-07,0.0
204683443889000,45.134524721515625,0.0,1.0,0.014898678844909106,1.489867884479275e-07,0.0
204685443889000,45.1322503279835,0.0,1.0,0.014898285242679561,1.48982852427507e-07,0.0
204687443889000,45.12998273436049,0.0,1.0,0.014897892878742842,1.4897892878813965e-07,0.0
204689453889000,45.12771060211694,0.0,1.0,0.014897499791080368,1.489749979096403e-07,0.0
204691453889000,45.12543959967638,0.0,1.0,0.014897106960403526,1.4897106960474656e-07,0.0
204693463889000,45.12316972835662,0.0,1.0,0.014896714386941014,1.489671438682468e-07,0.0
204695463889000,45.12090098571811,0.0,1.0,0.01489632207006728,1.489632207013841e-07,0.0
204697463889000,45.11863902610032,0.0,1.0,0.014895930987291332,1.489593098736247e-07,0.0
204699473889000,45.116372539144265,0.0,1.0,0.014895539183001261,1.4895539182884923e-07,0.0
204701473889000,45.11410717919024,0.0,1.0,0.014895147634706478,1.4895147634777593e-07,0.0
204703473889000,45.1118485921469,0.0,1.0,0.014894757318001413,1.489475731807252e-07,0.0
204705483889000,45.1095854845197,0.0,1.0,0.014894366281105107,1.4894366280988773e-07,0.0
204707483889000,45.10732350221778,0.0,1.0,0.01489397549961229,1.489397549968343e-07,0.0
204709493889000,45.10506264655391,0.0,1.0,0.014893584973750625,1.489358497363431e-07,0.0
204711493889000,45.10280291509801,0.0,1.0,0.014893194702898536,1.4893194702969657e-07,0.0
204713493889000,45.10054993973092,0.0,1.0,0.014892805659468154,1.489280565953927e-07,0.0
204715503889000,45.098292455017784,0.0,1.0,0.01489241589804583,1.4892415897929524e-07,0.0
204717503889000,45.09603609283997,0.0,1.0,0.014892026391044024,1.4892026391115132e-07,0.0
204719503889000,45.09378647668135,0.0,1.0,0.014891638108972071,1.4891638109043169e-07,0.0
204721513889000,45.09153235790386,0.0,1.0,0.014891249110223612,1.48912491101073e-07,0.0
204723513889000,45.089279359991735,0.0,1.0,0.014890860365308298,1.4890860365379402e-07,0.0
204725523889000,45.08702748425229,0.0,1.0,0.014890471874452534,1.4890471874336242e-07,0.0
204727523889000,45.084776728265226,0.0,1.0,0.014890083637038896,1.4890083637109994e-07,0.0
204729523889000,45.08253270154205,0.0,1.0,0.01488969662041393,1.488969662048503e-07,0.0
204731533889000,45.08028418339325,0.0,1.0,0.014889308889299482,1.4889308889183203e-07,0.0
204733533889000,45.07803678333094,0.0,1.0,0.014888921411042456,1.4888921411113558e-07,0.0
204735533889000,45.07579610250258,0.0,1.0,0.014888535151098302,1.488853515116939e-07,0.0
204737543889000,45.07355093694916,0.0,1.0,0.01488814817797275,1.4888148177856475e-07,0.0
204739543889000,45.07130688781869,0.0,1.0,0.014887761457121562,1.4887761457192646e-07,0.0
204741549456000,45.069074620983145,0.006695648611273735,1.0,0.018098607318958085,1.4691298067654194e-07,4.146733688402463e-12
204743559456000,45.06691528661191,0.0,1.0,0.014887004818231691,1.4887004818115427e-07,0.0
204745559456000,45.06467453985316,0.0,1.0,0.014886618843203343,1.488661884327443e-07,0.0
204747559456000,45.06257065436973,0.0,4.0,0.08403812172848725,2.2732483225613004e-07,0.0
204749561956000,45.06198441323426,0.0,4.0,0.09556330056581085,2.389082514149136e-07,0.0
204751564455999,45.06136406640803,0.0,4.0,0.09556315489419573,2.389078872358749e-07,0.0
204753564456000,45.06074441406259,0.0,4.0,0.09556300939188417,2.389075234808511e-07,0.0
204755564456000,45.060125455534035,0.0,4.0,0.09556286405870111,2.389071601478937e-07,0.0
204757566956000,45.05950641697233,0.0,4.0,0.09556271871293469,2.3890679677933213e-07,0.0
204759569456000,45.05888729873651,0.0,4.0,0.09556257335467015,2.389064333870614e-07,0.0
204761574456000,45.058290267892346,0.0,2.5,0.09315089572147929,2.3606264523768843e-07,0.0
204763584456000,45.056663121163076,0.0,1.0,0.014885239341568945,1.4885239341452682e-07,0.0
204765584456000,45.05442747663178,0.0,1.0,0.014884854517667292,1.488485451773836e-07,0.0
204767584456000,45.05219851620051,0.0,1.0,0.014884470903423978,1.4884470903495042e-07,0.0
204769594456000,45.04996509451508,0.0,1.0,0.01488408658057515,1.4884086580458888e-07,0.0
204771594456000,45.04773278342536,0.0,1.0,0.01488370250796418,1.4883702508035244e-07,0.0
204773604456000,45.0455015842268,0.0,1.0,0.014883318685814854,1.4883318685698625e-07,0.0
204775604456000,45.04327149452125,0.0,1.0,0.014882935113519062,1.488293511359013e-07,0.0
204777604456000,45.04104807231385,0.0,1.0,0.014882552746801885,1.4882552746872955e-07,0.0
204779614456000,45.03882019994282,0.0,1.0,0.014882169673638016,1.4882169673521784e-07,0.0
204781614456000,45.03659343541416,0.0,1.0,0.014881786849752976,1.4881786849824026e-07,0.0
204783614456000,45.034373328445575,0.0,1.0,0.014881405229007388,1.4881405229078443e-07,0.0
204785624456000,45.0321487779524,0.0,1.0,0.014881022903106377,1.4881022902990156e-07,0.0
204787624456000,45.02992533365308,0.0,1.0,0.014880640825910986,1.488064082598205e-07,0.0
204789634456000,45.02770299683791,0.0,1.0,0.014880258997643898,1.4880258997527686e-07,0.0
204791634456000,45.02548176511823,0.0,1.0,0.014879877417700898,1.487987741777195e-07,0.0
204793634456000,45.0232671744225,0.0,1.0,0.014879497036843879,1.4879497036914937e-07,0.0
204795644456000,45.02104815124882,0.0,1.0,0.014879115952978224,1.4879115952862026e-07,0.0
204797644456000,45.0188302315263,0.0,1.0,0.014878735116866177,1.4878735116937223e-07,0.0
204799644456000,45.01661894292914,0.0,1.0,0.014878355477416599,1.4878355477487645e-07,0.0
204801654456000,45.01440322846656,0.0,1.0,0.014877975136242448,1.4877975136126266e-07,0.0
204803654456000,45.01218861581336,0.0,1.0,0.014877595042252986,1.4877595042324022e-07,0.0
204805664456000,45.00997510625464,0.0,1.0,0.01487721519566971,1.487721519555351e-07,0.0
204807664456000,45.00776269741111,0.0,1.0,0.014876835595892346,1.4876835595963382e-07,0.0
204809664456000,45.005556903222384,0.0,1.0,0.014876457188749945,1.4876457188820976e-07,0.0
204811674456000,45.0033466941711,0.0,1.0,0.014876078082017826,1.487607808190165e-07,0.0
204813674456000,45.001137584197224,0.0,1.0,0.014875699221525344,1.487569922159636e-07,0.0
204815684456000,44.998929574582775,0.0,1.0,0.014875320607493308,1.4875320607377142e-07,0.0
204817684456000,44.99672266295438,0.0,1.0,0.01487494223932392,1.487494223939494e-07,0.0
204819684456000,44.9945223495508,0.0,1.0,0.014874565059778033,1.4874565059849056e-07,0.0
204821694456000,44.99231763226019,0.0,1.0,0.014874187182769854,1.4874187182653706e-07,0.0
204823694456000,44.99011401132188,0.0,1.0,0.014873809551060652,1.4873809551131675e-07,0.0
204825694456000,44.98791697877343,0.0,1.0,0.014873433105576596,1.4873433105647616e-07,0.0
204827704456000,44.98571554890795,0.0,1.0,0.014873055963902778,1.4873055963786618e-07,0.0
204829704456000,44.98351521376343,0.0,1.0,0.01487267906696572,1.4872679067036732e-07,0.0
204831714456000,44.98131597461671,0.0,1.0,0.014872302414985149,1.4872302414869e-07,0.0
204833714456000,44.9791178291039,0.0,1.0,0.014871926007367135,1.4871926007438144e-07,0.0
204835714456000,44.9769262556163,0.0,1.0,0.014871550781988534,1.487155078205955e-07,0.0
204837724456000,44.97473029574347,0.0,1.0,0.014871174862535756,1.4871174862419618e-07,0.0
204839724456000,44.97253542787725,0.0,1.0,0.014870799186885957,1.4870799186956975e-07,0.0
204841724456000,44.97034712224003,0.0,1.0,0.014870424691092557,1.487042469116355e-07,0.0
204843734456000,44.968154436761594,0.0,1.0,0.014870049502490363,1.4870049502374238e-07,0.0
204845740754000,44.96596850838234,0.0018778166196352609,1.0,0.015778994383863994,1.4740237795962414e-07,1.1742237712167798e-12
204847740754000,44.963814085744325,0.0,1.0,0.014869306995911057,1.4869306995982055e-07,0.0
204849740754000,44.96163010985609,0.0,1.0,0.014868933465881957,1.486893346595296e-07,0.0
204851750754000,44.95944176279703,0.0,1.0,0.014868559244719547,1.4868559244603438e-07,0.0
204853750754000,44.95725450396673,0.0,1.0,0.014868185266063837,1.486818526613483e-07,0.0
204855753254000,44.95482713370474,0.0,2.5,0.05469562424352789,1.9544806507612003e-07,0.0
204857755754000,44.95401714686454,0.0,4.0,0.09553804104634281,2.3884510261624296e-07,0.0
204859758254000,44.95345033204741,0.0,4.0,0.09553790893290784,2.388447723326557e-07,0.0
204861758254000,44.95288415180143,0.0,4.0,0.09553777697253663,2.3884444243248174e-07,0.0
204863758254000,44.95231860552025,0.0,4.0,0.09553764516507134,2.388441129104243e-07,0.0
204865760754000,44.95175298613191,0.0,4.0,0.09553751334571238,2.388437833646673e-07,0.0
204867763253999,44.951187293964516,0.0,4.0,0.09553738151453735,2.3884345378672904e-07,0.0
204869763254000,44.95062223511183,0.0,4.0,0.09553724983608868,2.388431245913617e-07,0.0
204871763254000,44.950088730674565,0.0,2.5,0.09065163702915197,2.3321707847039631e-07,0.0
204873773254000,44.94835407952216,0.0,1.0,0.014866664048962508,1.4866664048846403e-07,0.0
204875773254000,44.94617233901801,0.0,1.0,0.0148662912990443,1.486629129911529e-07,0.0
204877773254000,44.94399712150819,0.0,1.0,0.014865919719459948,1.4865919719530945e-07,0.0
204879783254000,44.941817550366096,0.0,1.0,0.014865547452127401,1.4865547452011317e-07,0.0
204881783254000,44.93963906309779,0.0,1.0,0.014865175425811923,1.4865175425882898e-07,0.0
204883783254000,44.93746708910069,0.0,1.0,0.014864804567475798,1.486480456754677e-07,0.0
204885793254000,44.93529076796662,0.0,1.0,0.014864433022643724,1.4864433022527632e-07,0.0
204887793254000,44.93311552909341,0.0,1.0,0.014864061718278327,1.4864061718349299e-07,0.0
204889803254000,44.930941373743515,0.0,1.0,0.01486369065459617,1.4863690654480075e-07,0.0
204891803254000,44.928768299579694,0.0,1.0,0.014863319831014299,1.4863319831085258e-07,0.0
204893803254000,44.926601722508266,0.0,1.0,0.014862950171498792,1.4862950171569752e-07,0.0
204895813254000,44.92443080910729,0.0,1.0,0.014862579827569333,1.486257982745325e-07,0.0
204897813254000,44.92226097528357,0.0,1.0,0.014862209723192328,1.4862209723263294e-07,0.0
204899813254000,44.92009762886766,0.0,1.0,0.014861840780542201,1.486184078061316e-07,0.0
204901823254000,44.917929952591535,0.0,1.0,0.014861471154723428,1.486147115460735e-07,0.0
204903823254000,44.91576335428629,0.0,1.0,0.014861101767910728,1.4861101767981706e-07,0.0
204905833254000,44.91359783520909,0.0,1.0,0.014860732620319598,1.486073262020354e-07,0.0
204907833254000,44.911433393032006,0.0,1.0,0.01486036371137083,1.4860363711441788e-07,0.0
204909833254000,44.909275422148184,0.0,1.0,0.014859995960260854,1.485999596033181e-07,0.0
204911843254000,44.90711313216858,0.0,1.0,0.01485962752805268,1.4859627527936622e-07,0.0
204913843254000,44.904951917486905,0.0,1.0,0.014859259333943059,1.4859259334014005e-07,0.0
204915843254000,44.90279716445197,0.0,1.0,0.014858892295347578,1.4858892295418523e-07,0.0
204917853254000,44.90063809876499,0.0,1.0,0.014858524576892318,1.4858524576776278e-07,0.0
204919853254000,44.89848010677558,0.0,1.0,0.014858157095993212,1.485815709606417e-07,0.0
204921863254000,44.89632318973599,0.0,1.0,0.014857789852864645,1.4857789852748598e-07,0.0
204923863254000,44.89416734532781,0.0,1.0,0.014857422846931168,1.48574228470021e-07,0.0
204925863254000,44.8920179465158,0.0,1.0,0.014857056992648473,1.4857056992719415e-07,0.0
204927873254000,44.889864245773424,0.0,1.0,0.014856690460564996,1.485669046044897e-07,0.0
204929873254000,44.88771161606609,0.0,1.0,0.014856324165136756,1.4856324165207683e-07,0.0
204931873254000,44.885565422346836,0.0,1.0,0.014855959019049356,1.48559590191203e-07,0.0
204933876084000,44.88344098087443,0.007216794365217576,1.0,0.018329508244094364,1.4661020707968335e-07,4.485938398952743e-12
204935876084000,44.88136900220029,0.0,1.0,0.014855245210634029,1.485524521070496e-07,0.0
204937876084000,44.87922595742458,0.0,1.0,0.014854880759791267,1.4854880759862204e-07,0.0
204939886084000,44.877078623442294,0.0,1.0,0.01485451563358862,1.485451563347261e-07,0.0
204941886084000,44.874932357335474,0.0,1.0,0.014854150742974448,1.4854150743045385e-07,0.0
204943896084000,44.872787160349446,0.0,1.0,0.014853786088161614,1.4853786088045597e-07,0.0
204945896084000,44.870643030178165,0.0,1.0,0.01485342166857979,1.4853421668650712e-07,0.0
204947896084000,44.86850531059144,0.0,1.0,0.014853058392241547,1.4853058392312463e-07,0.0
204949898583999,44.86615037959211,0.0,2.5,0.0630738502424223,2.0446186185401776e-07,0.0
204951898584000,44.86547742132915,0.0,4.0,0.09551746667738263,2.3879366669459676e-07,0.0
204953898584000,44.86495516147932,0.0,4.0,0.09551734569005464,2.3879336422627687e-07,0.0
204955901084000,44.86443283413271,0.0,4.0,0.09551722469145132,2.3879306172562493e-07,0.0
204957903584000,44.86391043959218,0.0,4.0,0.09551710368164347,2.3879275920449454e-07,0.0
204959906083999,44.86338830408824,0.0,4.0,0.09551698273619842,2.3879245684088227e-07,0.0
204961906084000,44.862866753149916,0.0,4.0,0.09551686193050958,2.3879215482741393e-07,0.0
204963906084000,44.86234578621898,0.0,4.0,0.09551674126443341,2.3879185316222384e-07,0.0
204965913584000,44.86161390517613,0.0,1.0,0.05795332950926381,1.9642130803368064e-07,0.0
204967913584000,44.85924134277275,0.0,1.0,0.014851484726154133,1.4851484726225054e-07,0.0
204969923584000,44.857103955502645,0.0,1.0,0.014851121791946018,1.4851121791830039e-07,0.0
204971923584000,44.85496763117134,0.0,1.0,0.01485075909166509,1.4850759091736005e-07,0.0
204973923584000,44.85283769409424,0.0,1.0,0.0148503975290408,1.4850397529111716e-07,0.0
204975933584000,44.85070349405829,0.0,1.0,0.014850035296082933,1.4850035295966955e-07,0.0
204977933584000,44.848570355379316,0.0,1.0,0.01484967329652126,1.4849673296592174e-07,0.0
204979933584000,44.84644359443315,0.0,1.0,0.014849312432339659,1.484931243241057e-07,0.0
204981943584000,44.844312576888214,0.0,1.0,0.014848950899040573,1.4848950898924585e-07,0.0
204983943584000,44.84218261912071,0.0,1.0,0.014848589598608157,1.4848589598679056e-07,0.0
204985953584000,44.84005372236683,0.0,1.0,0.014848228531253267,1.4848228531137306e-07,0.0
204987953584000,44.837925884337864,0.0,1.0,0.014847867696412564,1.4847867696483467e-07,0.0
204989953584000,44.83580440819897,0.0,1.0,0.014847507993168365,1.4847507993239257e-07,0.0
204991963584000,44.83367868604385,0.0,1.0,0.014847147622828594,1.4847147622712644e-07,0.0
204993963584000,44.8315540210381,0.0,1.0,0.014846787484475894,1.4846787484546786e-07,0.0
204995963584000,44.829435708438744,0.0,1.0,0.014846428475457491,1.4846428475528376e-07,0.0
204997966816000,44.827345818419985,0.014235965849257884,1.0,0.02174192762094933,1.458133381900845e-07,8.904769354735979e-12
204999976816000,44.825307304670346,0.0,1.0,0.014845728949448618,1.4845728949332674e-07,0.0
205001976816000,44.82318680633559,0.0,1.0,0.014845369724867661,1.4845369724938558e-07,0.0
205003976816000,44.821072647953734,0.0,1.0,0.01484501162665345,1.484501162672434e-07,0.0
205005986816000,44.81895425820899,0.0,1.0,0.01484465286414013,1.4844652864024186e-07,0.0
205007986816000,44.81683692197444,0.0,1.0,0.014844294332398882,1.4844294332469767e-07,0.0
205009986816000,44.81472591624157,0.0,1.0,0.014843936924774554,1.4843936924845428e-07,0.0
205011989315999,44.81243062329718,0.0,2.5,0.06717019839151236,2.0886940527377143e-07,0.0
205013989316000,44.81182401365143,0.0,4.0,0.09550506002164,2.3876265005523987e-07,0.0
205015989316000,44.81132832578655,0.0,4.0,0.09550494561423496,2.387623640367274e-07,0.0
205017991816000,44.810832573867316,0.0,4.0,0.09550483119595991,2.38762077986897e-07,0.0
205019994316000,44.81033675818156,0.0,4.0,0.09550471676688199,2.387617919175912e-07,0.0
205021996815999,44.80984118836097,0.0,4.0,0.09550460239845895,2.387615059965333e-07,0.0
205023996816000,44.80934617337272,0.0,4.0,0.09550448816198476,2.387612204061018e-07,0.0
205025996816000,44.808851712686526,0.0,4.0,0.09550437405732445,2.387609351444515e-07,0.0
205028004316000,44.808382639098795,0.0,2.5,0.08688092806033135,2.289203088897609e-07,0.0
205030004316000,44.80653401080198,0.0,1.0,0.01484255047236951,1.4842550472440387e-07,0.0
205032009367000,44.81001193329716,1.5908873806769235,1.0,0.7905847496473728,2.7910562521382862e-08,1.001732461236482e-09
205034018970000,44.81535709450131,0.027754155541826635,1.0,0.029649156923493097,1.5644656249716154e-07,1.9118173257292697e-11
205036028970000,44.81334965259607,0.0,1.0,0.014843703942035404,1.484370394191946e-07,0.0
205038028970000,44.81123510594813,0.0,1.0,0.014843346021066151,1.4843346021137029e-07,0.0
205040028970000,44.809126881464366,0.0,1.0,0.01484298922223072,1.4842989222301598e-07,0.0
205042033218999,44.807019713315974,0.0031102264244837023,1.0,0.014842632652403242,1.4829074061891803e-07,0.0
205044034522727,44.80533113602845,0.0031394321113763293,3.3000000000000003,0.06607957073114056,1.9985967683732392e-07,2.6616676922417945e-12
205046037553030,44.80431852595495,0.0,3.3000000000000003,0.06695271766714964,2.028870232308383e-07,0.0
205048040583333,44.803254074963554,0.0,3.3000000000000003,0.06695249258056445,2.0288634115027744e-07,0.0
205050043613636,44.802190152364396,0.0,3.3000000000000003,0.06695226762223125,2.0288565945835866e-07,0.0
205052046643939,44.80112675789547,0.0,3.3000000000000003,0.06695204279206861,2.0288497815483503e-07,0.0
205054049674242,44.80006389129459,0.0,3.3000000000000003,0.06695181808999508,2.0288429723946135e-07,0.0
205056052704544,44.79900155230042,0.0,3.3000000000000003,0.06695159351593016,2.028836167119922e-07,0.0
205058052704545,44.79794054357153,0.0,3.3000000000000003,0.06695136923950579,2.0288293709038018e-07,0.0
205060055735000,44.796719256504275,0.0,1.0,0.034140981698980756,1.682008521523432e-07,0.0
205062055735000,44.79441649580379,0.0,1.0,0.014840501060214492,1.484050106028536e-07,0.0
205064065735000,44.79231137370287,0.0,1.0,0.014840145199625308,1.4840145199509404e-07,0.0
205066065735000,44.79020729852702,0.0,1.0,0.014839789567618547,1.4839789567689414e-07,0.0
205068065735000,44.788109514217496,0.0,1.0,0.014839435050315222,1.4839435050386075e-07,0.0
205070075735000,44.78600753133301,0.0,1.0,0.014839079874956545,1.483907987484066e-07,0.0
